The vote to create the proposed group, Sci.life-extension, waaffirmativeYes votes:    237No votes:      28What follows is a list of the people who voted, by vote ("no" or "yes")Here are the people who voted NObailey@utpapa.ph.utexas.edu               (Ed Baileybarkdoll@lepomis.psych.upenn.edu          (Edwin Barkdollmsb@sq.com                                (Mark Bradercarr@acsu.buffalo.edu                     (Dave Carrdesj@ccr-p.ida.org                        (David desJardinsjbh@Anat.UMSMed.Edu                       (James B. Hutchinsrsk@gynko.circ.upenn.edu                  (Rich Kulawiecstu@valinor.mythical.com                  (Stu Labovitzlau@ai.sri.com                            (Stephen Lauplebrun@minf8.vub.ac.be                   (Philippe Lebrunjmaynard@nyx.cs.du.edu                    (Jay Maynardemcguire@intellection.com                 (Ed McGuirerick@crick.ssctr.bcm.tmc.edu              (Richard H. Millersmarry@zooid.guild.org                    (Marc Moorcroftdmosher@nyx.cs.du.edu                     (David Mosherejo@kaja.gi.alaska.edu                    (Eric J. Olsonhmpetro@mosaic.uncc.edu                   (Herbert M Petrosmith-una@YALE.EDU                        (Una Smithmmt@RedBrick.COM                          (Maxime Taksar KC6ZPSurlichs@smurf.sub.org                     (Matthias Urlichsac999266@umbc.edu                         (a Francis Uywerner@SOE.Berkeley.Edu                   (John Wernerwick@netcom.com                           (Potter Wickwareggw@wolves.Durham.NC.US                   (Gregory G. WoodburyD.W.Wright@bnr.co.uk                      (D. Wrightyarvin-norman@CS.YALE.EDU                 (Norman Yarvinask@cblph.att.cospm2d@opal.cs.virginia.edHere are the people who voted YESFSSPR@ACAD3.ALASKA.EDU                    (Hardcore Alaskankalex@eecs.umich.edu                      (Ken Alexanderph600fht@sdcc14.UCSD.EDU                  (Alex Aumannfranklin.balluff@Syntex.Com               (Franklin Balluffbarash@umbc.edu                           (Mr. Steven Barashbuild@alan.b30.ingr.com               (Alan Barksdale (build)lion@TheRat.Kludge.COM                    (John H. Barlowpbarto@UCENG.UC.EDU                       (Paul Bartoryan.bayne@canrem.com                     (Ryan Baynemignon@shannon.Jpl.Nasa.Gov               (Mignon Belongiebeaudot@tirf.grenet.fr                    (william Beaudotlavb@lise.unit.no                         (Olav Benumross@bryson.demon.co.uk                   (Ross Beresfordben.best@canrem.com                       (Ben Bestlevi@happy-man.com                        (Levi Bitanskyjsb30@dagda.Eng.Sun.COM                   (James Blomgrengbloom@nyx.cs.du.edu                      (Gregory Bloommbrader@netcom.com                        (Mark Braderebrandt@jarthur.Claremont.EDU             (Eli Brandtdoom@leland.stanford.edu                  (Joseph Brennerrc@pos.apana.org.au                       (Robert Cardwelljeffjc@binkley.cs.mcgill.ca               (Jeffrey CHANCEsasha@cs.umb.edu                          (Alexander Chislenkomclark@world.std.com                      (Maynard S Clark100042.2703@CompuServe.COM                ("A.J. Clifford"coleman@twinsun.com                       (Mike Colemansteve@constellation.ecn.uoknor.edu        (Steve Coltrincollier@ivory.rtsg.mot.com                (John T. Colliercompton@plains.NoDak.edu                  (Curtis M. Compton)bobc@master.cna.tek.com                   (Bob Cookcordell@shaman.nexagen.com                (Bruce Cordellcormierj@ERE.UMontreal.CA                 (Cormier Jean-Marcdjcoyle@macc.wisc.edu                     (Douglas J. Coyledass0001@student.tc.umn.edu               ("John R Dassow-1"bdd@onion.eng.hou.compaq.com              (Bruce Davisdemonn@emunix.emich.edu                   (Kenneth Jubal DeMonndesilets@sj.ate.slb.com                   (Mark Desiletsmarkd@sco.COM                             (Mark Diekhanskari@teracons.teracons.com                (Kari Dubbelmanlhdsy1!cyberia.hou281.chevron.com!hwdub@uunet.UU.NET (Dub Dublinwilldye@helios.unl.edu                    (Will Dye155yegan%jove.dnet.measurex.com@juno.measurex.com (TERRY EGANeder@hsvaic.boeing.com                    (Dani Ederglenne@magenta.HQ.Ileaf.COM               (Glenn Ellingsonfarrar@adaclabs.com                       (Richard Farrarghsvax!hal@uunet.UU.NET                   (Hal Finneylxfogel@srv.PacBell.COM                   (Lee Fogelafoxx@foxxjac.b17a.ingr.com               (Foxxi000702@disc.dla.mil               (sam frajerman,sppb,x3026,mpf@medg.lcs.mit.edu                      (Michael P. FrankMartin.Franklin@Corp.Sun.COM              (Martin Franklintiff@CS.UCLA.EDU                          (Tiffany FrazierAiling_Zhu_Freeman@U.ERGO.CS.CMU.EDU      (Ailing FreemanTimothy_Freeman@U.ERGO.CS.CMU.EDU         (Tim Freemangt0657c@prism.gatech.edu                  (geoff georgemtvdjg@rivm.nl                            (Daniel Gijsbersexusag@exu.ericsson.se                    (Serena Gilbertrlglende@netcom.com                (Robert Lewis Glendenninggoetz@cs.Buffalo.EDU                      (Phil Goetzgoolsby@dg-rtp.dg.com                     (Chris Goolsbydgordon@crow.omni.co.jp                   (David Gordonbgrahame@eris.demon.co.uk                 (Robert D Grahamesascsg@unx.sas.com                        (Cynthia Grantgreen@srilanka.island.COM                 (Robert Greensteinjohng@oce.orst.edu                        (John A. Gregorroger@netcom.com                          (roger gregoryevans-ron@CS.YALE.EDU                     (Ron Hale-Evansbrent@vpnet.chi.il.us                     (Brent HansenRon.G.Hay@med.umich.edu                   (Ron G. Hayakh@empress.gvg.tek.com                   (Anna K. Haynesclaris!qm!Bob_Hearn@ames.arc.nasa.gov     (Robert Hearnfheyligh@vnet3.vub.ac.be                  (Francis Heylighenhin9@midway.uchicago.edu                  (P. Hindmanfishe@casbah.acns.nwu.edu                 (Carwil Jamesjanzen@mprgate.mpr.ca                     (Martin Janzenkarp@skcla.monsanto.com                   (Jeffery M Karprk2@elsegundoca.ncr.com                   (Richard Kellymerklin@gnu.ai.mit.edu                    (Ed Kemokessner@rintintin.Colorado.EDU            (KESSNER ERIC Mmapam@csv.warwick.ac.uk                   (Mr R A Khwajakoski@sunset.cs.utah.edu                  (Keith Koskikathi@bridge.com                          (Kathi Kramerbenkrug@jupiter.fnbc.com                  (Ben Krugfarif@eskimo.com                          (David Kunzedsr!edsdrd!sel@uunet.UU.NET              (Steve Langspa_hcl@MECENG.COE.NORTHEASTERN.EDU        (Henry LeongS.Linton@pmms.cam.ac.uk                   (Steve Lintonalopez@cs.ep.utexas.EDU                   (Alejandro Lopez 6330kfl@access.digex.com                      ("Keith F. Lynch"KAMCHAR@msu.edu                           (Charles MacDonaldrob@vis.toronto.edu                       (Robert C. Majkaphil@starconn.com                         (Phil Markscam@jackatak.raider.net                   (Cameron Marshallmmay@mcd.intel.com                        (Mike May ~drac@uumeme.chi.il.us                     (Bruce Maynardi001269@discg2.disc.dla.mil               (john mccarrickxyzzy@imagen.com                          (David McIntyrecuhes@csv.warwick.ac.uk                   (Malcolm McMahonmcpherso@macvax.UCSD.EDU                  (John Mcphersonmerkle@parc.xerox.com                     (Ralph Merkleeric@Synopsys.COM                         (Eric Messickpmetzger@shearson.com                     (Perry E. Metzgergmichael@vmd.cso.uiuc.edu                 (Gary R. Michaeldat91mas@ludat.lth.se                     (Asker MikaelMILLERL@WILMA.WHARTON.UPENN.EDU           ("Loren J. Miller"minsky@media.mit.edu                      (Marvin Minskypmorris@lamar.ColoState.EDU               (Paul MorrisMark_Muhlestein@Novell.COM                (Mark Muhlesteindavid@staff.udc.upenn.edu                 (R. David Murraygananney@mosaic.uncc.edu                  (Glenn A Nanneyanthony@meaddata.com                      (Anthony Napierdniman@panther.win.net                    (Donald E. Nimannistuk@unixg.ubc.ca                       (Richard NistukJonathan@RMIT.EDU.AU                      (Jonathan O'Donnellmartino@gomez.Jpl.Nasa.Gov                (Martin R. Olahcpatil@leland.stanford.edu          (Christopher Kashina Patilcrp5754@erfsys01.boeing.com               (Chris Paynesharon@acri.fr                            (Sharon Pelegphp@rhi.hi.is                             (Petur Henry Petersenchrisp@efi.com                            (Chris Phoenixpierce@CS.UCLA.EDU                        (Brad Piercejulius@math.utah.edu                      ("Julius Pierce"dplatt@cellar.org                         (Doug PlattMitchell.Porter@lambada.oit.unc.edu       (Mitchell Portercpresson@jido.b30.ingr.com                (Craig Pressonprice@price.demon.co.uk                   (Michael Clive PriceU39554@UICVM.BITNET                       (Edward S. Proctorstevep@deckard.Works.ti.com               (Steve PruittMJQUINN@PUCC.BITNET                       (Michael Quinnrauss@nvl.army.mil                        (Patrick Raussremke@cs.tu-berlin.de                     ("Jan K. Remke"ag167@yfn.ysu.edu                         (Barry H. Rodinksackett@cs.uah.edu                       (Karl R. Sackettrcs@cs.arizona.edu                        (Richard Schroeppelfschulz@pyramid.com                       (Frank Schulzkws@Thunder-Island.kalamazoo.MI.US        (Karel W. Sebekbseewald@gozer.idbsu.edu                  (Brad Seewaldshapard@manta.nosc.mil                    (Thomas D. Shapardhabs@Panix.Com                            (Harry Shapiromuir@idiom.berkeley.ca.us                 (David Muir Sharnoffdasher@well.sf.ca.us                      (D Anton Sherwoodzero@netcom.com                           (Richard ShiflettAP201160@BROWNVM.BITNET                   (Elaine Shinerrobsho@robsho.Auto-trol.COM               (Robert Shockrshvern@gmuvax2.gmu.edu                   (Rob Shvernwesiegel@cie-2.uoregon.edu                (William Siegelggyygg@mixcom.mixcom.com                  (Kenton Sinnerbsmart@bsmart.tti.com                     (Bob Smarttonys@ariel.ucs.unimelb.EDU.AU            (Anthony David Smithsgccsns@citecuc.citec.oz.au               (Shayne Noel Smithdsnider@beta.tricity.wsu.edu              (Daniel L Snidersnyderg@spot.Colorado.EDU                 (SNYDER GARY EDWIN JRblupe@ruth.fullfeed.com                   (Brian Arthur Stewartlhdsy1!usmi02.midland.chevron.com!tsfsi@uunet.UU.NET (SigriStewartnat@netcom.com                            (Nathaniel Stitttps@biosym.com                            (Tom Stockfischstodolsk@andromeda.rutgers.edu            (David Stodolskygadget@dcs.warwick.ac.uk                  (Steve Strongcarey@CS.UCLA.EDU                         (Carey Sublettejsuttor@netcom.com                        (Jeff Suttorswain@cernapo.cern.ch                     (John Swainszabo@techbook.com                        (Nick Szaboptheriau@netcom.com                       (P. Chris Theriaultak051@yfn.ysu.edu                         (Chris Thompsongunnar.thoresen@bio.uio.no                (Gunnar Thoresendreamer@uxa.cso.uiuc.edu                  (Andrew Trappjerry@cse.lbl.gov                         (Jerry Tunismusic@parcom.ernet.in                     (Rajeev Upadhyetreon@u.washington.edu                    (Treon Verderyevore@magnus.acs.ohio-state.edu           (Eric J VoreU13054@UICVM.BITNET                       (Howard Wachtelsusan@wpi.WPI.EDU                         (Susan C Wade70023.3041@CompuServe.COM                 (Paul Wakferewalker@it.berklee.edu                    ("Elaine Walker"jew@rt.sunquest.com                       (James Wardjeremy@ai.mit.edu                         (Jeremy M. Wertheimerbw@ws029.torreypinesca.NCR.COM            (Bruce White 3807weeds@strobe.ATC.Olivetti.Com             (Mark Wiedmanwiesel-elisha@CS.YALE.EDU                 (Elisha WieselWILLINGP@gar.union.edu                    (WILLING, PAULsmw@alcor.concordia.ca                    (Steven Winikoffwright@hicomb.hi.com                      (David Wrightebusew@anah.ericsson.com                  (Stephen Wright 66667liquidx@cnexus.cts.com                    (Liquid-Xxakellis@uivlsisl.csl.uiuc.edu            (Michael G. Xakelliscs012113@cs.brown.edu                     (Ion Yannopoulosyazz@lccsd.sd.locus.com                   (Bob Yazzlnz@lucid.com                             (Leonard N. Zubkoff62RSE@npd1.ufpe.badwyer@mason1.gmu.edART@EMBL-Hamburg.Datfurman@cup.portal.cobillw@attmail.att.cocarl@red-dragon.umbc.edcarlf@ai.mit.edcccbbs!chris.thompson@UCENG.UC.EDCCGARCIA@MIZZOU1.BITNEclayb@cellar.ordack@permanet.ordaedalus@netcom.codanielg@autodesk.coDave-M@cup.portal.coF_GRIFFITH@CCSVAX.SFASU.EDgarcia@husc.harvard.edgav@houxa.att.cohammar@cs.unm.edherbison@lassie.ucx.lkg.dec.cohhuang@Athena.MIT.EDhkhenson@cup.portal.coirving@happy-man.cojeckel@amugw.aichi-med-u.ac.jjgs@merit.edjmeritt@mental.mitre.orJonas_Marten_Fjallstam@cup.portal.cokqb@whscad1.att.coLPOMEROY@velara.sim.es.colubkin@apollo.hp.cokunert@wustlb.wustl.edLINYARD_M@XENOS.a1.logica.co.uM.Michelle.Wrightwatson@att.comoselecw@elec.canterbury.ac.nnaoursla@eos.ncsu.edng4@husc.harvard.edpase70!dchapman@uwm.edpocock@math.utah.edRUDI@HSD.UVic.CSCOTTJOR@delphi.costanton@ide.costeveha@microsoft.costu1016@DISCOVER.WRIGHT.EDSYang.ES_AE@xerox.cotim.hruby@his.coTodd.Kaufmann@FUSSEN.MT.CS.CMU.EDtom@genie.slhs.udel.edUC482529@MIZZOU1.BITNEWMILLER@clust1.clemson.edyost@mv.us.adobe.co(The group still passes if you don't count the people fowhom I just have email address.-Brian <bmdelane@midway.uchicago.edu