This is the third and final call for votes for the creation of thnewsgroup misc.health.diabetes.  A mass acknowledgement of valid votereceived as of April 19th 14:00 GMT appears at the end of thiposting.  Please check the list to be sure that your vote has beeregistered.  Read the instructions for voting carefully and follothem precisely to be certain that you place a proper voteInstructions for votingTo place a vote FOR the creation of misc.health.diabetes, send aemail message to yes@sun6850.nrl.navy.miTo place a vote AGAINST creation of misc.health.diabetes, send aemail message to no@sun6850.nrl.navy.miThe contents of the message should contain the line "I votfor/against misc.health.diabetes as proposed".  Email messages sent tthe above addresses must constitute unambiguous and unconditionavotes for/against newsgroup creation as proposed.  Conditional votewill not be accepted.  Only votes emailed to the above addresses wilbe counted; mailed replies to this posting will be returned.  In thevent that more than one vote is placed by an individual, only thmost recent vote will be countedVoting will continue until 23:59 GMT, 29 Apr 93Votes will not be accepted after this dateAny administrative inquiries pertaining to this CFV may be made bemail to swkirch@sun6850.nrl.navy.miThe proposed charter appears below-------------------------Charter: misc.health.diabetes                            unmoderate1.   The purpose of misc.health.diabetes is to provide a forum for thdiscussion of issues pertaining to diabetes management, i.e.: dietactivities, medicine schedules, blood glucose control, exercisemedical breakthroughs, etc.  This group addresses the issues omanagement of both Type I (insulin dependent) and Type II (non-insulidependent) diabetes.  Both technical discussions and general suppordiscussions relevant to diabetes are welcome2.   Postings to misc.heath.diabetes are intended to be for discussiopurposes only, and are in no way to be construed as medical adviceDiabetes is a serious medical condition requiring direct supervisioby a primary health care physician. -----(end of charter)----The following individuals have sent in valid votes9781BMU@VMS.CSD.MU.EDU                  Bill Satterlea2wj@loki.cc.pdx.edu                    Jim Williamac534@freenet.carleton.ca               Colin Heneiad@cat.de                               Axel Dunkeal198723@academ07.mty.itesm.mx          Jesus Eugenio S nchez Pe~anugula@badlands.NoDak.edu              RamaKrishna Reddy Anugulapps@sneaks.Kodak.com                   Robert W. Apparperd00@mik.uky.edu                    alicia r perdubaind@gov.on.ca                         Dave Baibalamut@morris.hac.com                  Morris Balamubch@Juliet.Caltech.EdBGAINES@ollamh.ucd.ie                   Brian GaineBjorn.B.Larsen@delab.sintef.nbobw@hpsadwc.sad.hp.com                 Bob Waltenspiebruce@uxb.liverpool.ac.uk               brucbspencer@binkley.cs.mcgill.ca           Brian SPENCEcline@usceast.cs.scarolina.edu          Ernest A. Clincoleman@twin.twinsun.com                Mike Colemacompass-da.com!tomd@compass-da.com      Thomas Donnellcsc@coast.ucsd.edu                      Charles Coughracurtech!sbs@unh.edu                     Stephanie Bradley-Swifdebrum#m#_brenda@msgate.corp.apple.com  DeBrum, Brenddlb@fanny.wash.inmet.com                David Bartodlg1@midway.uchicago.edu                deborah lynn gillaspidougb@comm.mot.com                      Douglas Baned@titipu.resun.com                     Edward Reiedmoore@hpvclc.vcd.hp.com               Ed Moorejo@kaja.gi.alaska.edu                  Eric J. Olsoemcguire@intellection.com               Ed McGuirewc@hplb.hpl.hp.com                     Enrico Coierfeathr::bluejay@ampakz.enet.dec.cofranklig@GAS.uug.Arizona.EDU            Gregory C FranklinFSSPR@acad3.alaska.edu                  Hardcore Alaskagabe@angus.mi.org                       Gabe Helogasp@medg.lcs.mit.edu                   Isaac Kohangasp@medg.lcs.mit.edu                   Isaac KohanGeir.Millstein@TF.tele.nggurman@cory.Berkeley.EDU               Gail Gurmaggw@wolves.Durham.NC.US                 Gregory G. Woodburgreenlaw@oasys.dt.navy.mil              Leila Thomagrm+@andrew.cmu.edu                     Gretchen Millehalderc@cs.rpi.edHANDELAP%DUVM.BITNET@pucc.Princeton.EDU Phil Handehansenr@ohsu.EDhc@Nyongwa.cam.org                      hheddings@chrisco.nrl.navy.mil           Hubert Heddingherbison@lassie.ucx.lkg.dec.com         B.Jhmpetro@mosaic.uncc.edu                 Herbert M PetrHOSCH2263@iscsvax.uni.edhrubin@pop.stat.purdue.edu              Herman RubiHUDSOIB@AUDUCADM.DUC.AUBURN.EDU         Ingrid B. Hudsohuff@MCCLB0.MED.NYU.EDU                 Edward J. Hufhuffman@ingres.com                      Gary HuffmaHUYNH_1@ESTD.NRL.NAVY.MIL               Minh Huynishbeld@cix.compulink.co.uk             Ishbel DonkiJames.Langdell@Eng.Sun.COM              James Langdeljamyers@netcom.com                      John A. Myerjc@crosfield.co.uk                      jerry cullingforjesup@cbmvax.cbm.commodore.com          Randell Jesujjmorris@gandalf.rutgers.edu            Joyce Morrijoep@dap.csiro.au                       Joe PetranoviJohn.Burton@acenet.auburn.edu           John E. Burton Jrjohncha@comm.mot.coJORGENSONKE@CC.UVCC.EDjpsum00@mik.uky.edu                     joey p suJTM@ucsfvm.ucsf.edu                     John Maynarjulien@skcla.monsanto.cokaminski@netcom.com                     Peter Kaminskkerry@citr.uq.oz.au                     Kerry Raymonkieran@world.std.com                    Aaron L Dickeknauer@cs.uiuc.edu                      Rob Knauerhaskolar@spot.Colorado.EDU                 Jennifer Lynn Kolakriguer@tcs.com                         Marc Kriguelau@ai.sri.com                          Stephen Lalee@hal.com                             Lee Boylalmt6@po.cwru.edlunie@Lehigh.EDlusgr@chili.CC.Lehigh.EDU               Stephen G. RosemaM.Beamish@ins.gu.edu.au                 Marilyn BeamisM.Rich@ens.gu.edu.au                    Maurice H. Richmaas@cdfsga.fnal.gov                    Peter Maamacridis_g@kosmos.wcc.govt.nz           Gerry Macridimarkv@hpvcivm.vcd.hp.com                Mark VanderforMASCHLER@vms.huji.ac.imcb@net.bio.net                         Michael C. Bercmcday@ux1.cso.uiuc.edmcookson@flute.calpoly.edmfc@isr.harvard.edu                     Mauricio F Contreramg@wpi.edu                              Martha Gunnarsomhollowa@libserv1.ic.sunysb.edu         Michael Hollowamisha@abacus.concordia.ca               MISHA GLOUBERMANmjb@cs.brown.edu                        Manish ButtMOFLNGAN@vax1.tcd.imuir@idiom.berkeley.ca.us               David Muir SharnofNancy.Block@Eng.Sun.COM                 Nancy Blocndallen@r-node.hub.org                  Nigel Allenlr@B31.nei.nih.gov                     Rohrer, Nathaowens@cookiemonster.cc.buffalo.edu      Bill Owenpams@hpfcmp.fc.hp.com                   Pam Sullivapapresco@undergrad.math.uwaterloo.ca    Paul Prescopaslowp@cs.rpi.edpillinc@gov.on.ca                       Christopher Pillinpkane@cisco.com                         Peter Kanpopelka@odysseus.uchicago.edu           Glenn Popelkpulkka@cs.washington.edu                Aaron Pulkkpwatkins@med.unc.edu                    Pat Watkinrbnsn@mosaic.shearson.com               Ken Robinsorick@crick.ssctr.bcm.tmc.edu            Richard H. Millerobyn@media.mit.edu                     Robyn Kozierorolf@green.mathematik.uni-stuttgart.de  Rolf Schreibesageman@cup.portal.cosasjcs@unx.sas.com                      Joan StouSCOTTJOR@delphi.coscrl@hplb.hpl.hp.coscs@vectis.demon.co.uk                  Stuart C. Squibshan@techops.cray.com                   Sharan Kalwansharen@iscnvx.lmsc.lockheed.com         Sharen A. Runshazam@unh.edu                          Matthew T Thompsoshipman@csab.larc.nasa.gov              Floyd S. Shipmashoppa@ERIN.CALTECH.EDU                 Tim Shoppslillie@cs1.bradley.edu                 Susan Lillisteveo@world.std.com                    Steven W Orsurendar@ivy.WPI.EDU                    Surendar Chandrswkirch@sun6850.nrl.navy.mil            Steven KirchoefeS_FAGAN@twu.edTARYN@ARIZVM1.ccit.arizona.edu          Taryn L. WestergaarThomas.E.Taylor@gagme.chi.il.us         Thomas E Taylotima@CFSMO.Honeywell.COM                Timothy D Aanerutsamuel%gollum@relay.nswc.navy.mil      Tony SamueU45301@UICVM.UIC.EDU                    M. Jacobs vstern@gte.com                          Vanessa Sterwahlgren@haida.van.wti.com              James Wahlgrewaterfal@pyrsea.sea.pyramid.com         Douglas Waterfalweineja1@teomail.jhuapl.edwgrant@informix.com                     William GranYEAGER@mscf.med.upenn.edyozzo@watson.ibm.com                    Ralph E. YozzZ919016@beach.utmb.edu                  Molly Hamilto--Steve Kirchoefer                                             (202) 767-286Code 6851                                      kirchoefer@estd.nrl.navy.miNaval Research Laboratory                       Microwave Technology BrancWashington, DC  20375-5000              Electronics Sci. and Tech. Divisio