Voting for creation of the newsgroup misc.health.diabetes ended a23:59 GMT on 29 Apr 93.  At this time, the total response receiveconsisted of 155 votes for newsgroup creation and 14 votes againsnewsgroup creation.  Under the Guidelines for Usenet Group Creationthis response constitutes a passing voteThere will be a delay to allow time for the net to respond to thiresult, after which the newsgroup misc.health.diabetes should bcreatedPlease check the vote acknowledgement list to be sure that your votwas received and properly credited.  Any inconsistencies or errorshould be reported to swkirch@sun6850.nrl.navy.mil by emailI want to thank everyone who participated in the discussion and votfor this newsgroup proposalThe following is the voting summaryVotes received against newsgroup creationcline@usceast.cs.scarolina.edu               Ernest A. Clincoleman@twin.twinsun.com                     Mike Colemaejo@kaja.gi.alaska.edu                       Eric J. Olsoelharo@shiva.njit.edu                        Elliotte Rusty Harolemcguire@intellection.com                    Ed McGuirhansenr@ohsu.EDhmpetro@mosaic.uncc.edu                      Herbert M. Petrjjmorris@gandalf.rutgers.edu                 Joyce Morrijulian@bongo.tele.com                        Julian Macasseknauer@cs.uiuc.edu                           Rob Knauerhaslau@ai.sri.com                               Stephen Lamacridis_g@kosmos.wcc.govt.nz                Gerry Macridiowens@cookiemonster.cc.buffalo.edu           Bill Owenrick@crick.ssctr.bcm.tmc.edu                 Richard H. MilleVotes received for newsgroup creation9781BMU@VMS.CSD.MU.EDU                       Bill Satterlea2wj@loki.cc.pdx.edu                         Jim Williamac534@freenet.carleton.ca                    Colin Heneiad@cat.de                                    Axel Dunkeal198723@academ07.mty.itesm.mx               Jesus Sanchez Pe~andrea@unity.ncsu.edanugula@badlands.NoDak.edu                   RamaKrishna Reddy Anugulapps@sneaks.Kodak.com                        Robert W. Apparperd00@mik.uky.edu                         Alicia R. Perdubaind@gov.on.ca                              Dave Baibalamut@morris.hac.com                       Morris Balamubch@Juliet.Caltech.Edu                       Bryan Hathorbernsteinn@LONEXA.ADMIN.RL.AF.MIL            Norman P. BernsteiBGAINES@ollamh.ucd.ie                        Brian Gainebgeer@beorn.sim.es.com                       Bob GeeBjorn.B.Larsen@delab.sintef.no               Bjorn B. Larsebobw@hpsadwc.sad.hp.com                      Bob Waltenspiebock@VSIKP0.UNI-MUENSTER.DE                  Dirk Bocbruce@uxb.liverpool.ac.uk                    Bruce Stephenbspencer@binkley.cs.mcgill.ca                Brian Spenceclaudia@LONEXA.ADMIN.RL.AF.MIL               Claudia Servadio-Coyncompass-da.com!tomd@compass-da.com           Thomas Donnellconstabiled@LONEXA.ADMIN.RL.AF.MIL           Diane Constabilcsc@coast.ucsd.edu                           Charles Coughracurtech!sbs@unh.edu                          Stephanie Bradley-Swifdebrum#m#_brenda@msgate.corp.apple.com       Brenda DeBrudlb@fanny.wash.inmet.com                     David Bartodlg1@midway.uchicago.edu                     Deborah Lynn Gillaspidougb@comm.mot.com                           Douglas Bandrs@sunsrvr3.cci.com                         Dale R. Seidt4%cs@hub.ucsb.edu                          David E. Goggied@titipu.resun.com                          Edward Reiedmoore@hpvclc.vcd.hp.com                    Ed Mooremilio@Accurate.COM                          Elizabeth Miliewc@hplb.hpl.hp.com                          Enrico Coier"feathr::bluejay"@ampakz.enet.dec.cofranklig@GAS.uug.Arizona.EDU                 Gregory C. FrankliFSSPR@acad3.alaska.edgabe@angus.mi.org                            Gabe Helogasp@medg.lcs.mit.edu                        Isaac Kohangavin@praxis.co.uk                           Gavin FinniGeir.Millstein@TF.tele.no                    Geir Millsteiggurman@cory.Berkeley.EDU                    Gail Gurmaggw@wolves.Durham.NC.US                      Gregory G. Woodburgmalet@surfer.win.net                        Gary MaleGONZALEZ@SUHEP.PHY.SYR.EDU                   Gabriela Gonzalegreenlaw@oasys.dt.navy.mil                   Leila Thomagrm+@andrew.cmu.edu                          Gretchen Millehalderc@cs.rpi.edu                           Carol HaldeHANDELAP%DUVM.BITNET@pucc.Princeton.EDU      Phil Handehc@Nyongwa.cam.orheddings@chrisco.nrl.navy.mil                Hubert Heddingherbison@lassie.ucx.lkg.dec.coHOSCH2263@iscsvax.uni.edu                    Kathleen Hoschrubin@pop.stat.purdue.edu                   Herman RubiHUDSOIB@AUDUCADM.DUC.AUBURN.EDU              Ingrid B. Hudsohuff@MCCLB0.MED.NYU.EDU                      Edward J. Hufhuffman@ingres.com                           Gary HuffmaHUYNH_1@ESTD.NRL.NAVY.MIL                    Minh Huynishbeld@cix.compulink.co.uk                  Ishbel DonkiJames.Langdell@Eng.Sun.COM                   James Langdeljamie@SSD.intel.com                          Jamie Weisbrojamyers@netcom.com                           John A. Myerjc@crosfield.co.uk                           Jerry Cullingforjcobbe@garnet.acns.fsu.edu                   James Cobbjesup@cbmvax.cbm.commodore.com               Randell Jesujoannm@hpcc01.corp.hp.com                    JoAnn McGowajoep@dap.csiro.au                            Joe PetranoviJohn.Burton@acenet.auburn.edu                John E. Burton, Jrjohncha@comm.mot.coJORGENSONKE@CC.UVCC.EDU                      Keith Jorgensojpsum00@mik.uky.edu                          Joey P. SuJTM@ucsfvm.ucsf.edu                          John Maynarjulien@skcla.monsanto.cokaminski@netcom.com                          Peter Kaminskkerry@citr.uq.oz.au                          Kerry Raymonkieran@world.std.com                         Aaron L. Dickekolar@spot.Colorado.EDU                      Jennifer Lynn Kolakriguer@tcs.com                              Marc Kriguelaurie@LONEXA.ADMIN.RL.AF.MIL                Laurie J. Kelee@hal.com                                  Lee Boylalmt6@po.cwru.edu                             Lia M. Treffmalunie@Lehigh.EDlusgr@chili.CC.Lehigh.EDU                    Stephen G. RosemaM.Beamish@ins.gu.edu.au                      Marilyn BeamisM.Rich@ens.gu.edu.au                         Maurice H. Ricmaas@cdfsga.fnal.gov                         Peter Maamarilyn@LONEXA.ADMIN.RL.AF.MIL               Marilyn M. Tuckemarkv@hpvcivm.vcd.hp.com                     Mark VanderforMASCHLER@vms.huji.ac.il                      Michael Maschlemcb@net.bio.net                              Michael C. Bercmcday@ux1.cso.uiuc.edu                       Marrianne C. Damcookson@flute.calpoly.edmelynda@titipu.resun.com                     Melynda Reimfc@isr.harvard.edu                          Mauricio F. Contreramg@wpi.edu                                   Martha Gunnarsomhollowa@libserv1.ic.sunysb.edu              Michael Hollowamisha@abacus.concordia.ca                    Misha Gloubermanmjb@cs.brown.edu                             Manish ButtMOFLNGAN@vax1.tcd.ie                         Margaret O' Flanagamuir@idiom.berkeley.ca.us                    David Muir SharnofN.D.Treby@southampton.ac.uk                  N. D. TrebN.J.C.Hookey@durham.ac.uk                    N. J. C. HookeNancy.Block@Eng.Sun.COM                      Nancy Blocndallen@r-node.hub.org                       Nigel Allenlemur@eecs.umich.edu                        Nigel Lemunlr@B31.nei.nih.gov                          Nathan Rohrepams@hpfcmp.fc.hp.com                        Pam Sullivapapresco@undergrad.math.uwaterloo.ca         Paul Prescopaslowp@cs.rpi.edu                           Pam Paslophil@unet.umn.edu                            Phil Lindberpillinc@gov.on.ca                            Christopher Pillinpkane@cisco.com                              Peter Kanpmmuggli@midway.ecn.uoknor.edu               Pauline Mugglpopelka@odysseus.uchicago.edu                Glenn Popelkpulkka@cs.washington.edu                     Aaron Pulkkpwatkins@med.unc.edu                         Pat Watkinrbnsn@mosaic.shearson.com                    Ken Robinsormasten@magnus.acs.ohio-state.edu            Roger Masterobyn@media.mit.edu                          Robyn Kozierorolf@green.mathematik.uni-stuttgart.de       Rolf Schreibesageman@cup.portal.cosasjcs@unx.sas.com                           Joan Stousca@space.physics.uiowa.edu                  Scott AllendorSCOTTJOR@delphi.coscrl@hplb.hpl.hp.coscs@vectis.demon.co.uk                       Stuart C. Squibshan@techops.cray.com                        Sharan Kalwansharen@iscnvx.lmsc.lockheed.com              Sharen A. Runshazam@unh.edu                               Matthew T. Thompsoshipman@csab.larc.nasa.gov                   Floyd S. Shipmashoppa@ERIN.CALTECH.EDU                      Tim Shoppsjsmith@cs.UMD.EDU                           Stephen Joseph Smitslillie@cs1.bradley.edu                      Susan Lillisteveo@world.std.com                         Steven W. Orsurendar@ivy.WPI.EDU                         Surendar Chandrswkirch@sun6850.nrl.navy.mil                 Steven KirchoefeS_FAGAN@twu.edu                              Liz FagaTARYN@ARIZVM1.ccit.arizona.edu               Taryn L. WestergaarThomas.E.Taylor@gagme.chi.il.us              Thomas E. Taylotima@CFSMO.Honeywell.COM                     Timothy D. Aanerutsamuel%gollum@relay.nswc.navy.mil           Tony SamueU45301@UICVM.UIC.EDU                         Mary Jacobs vstern@gte.com                               Vanessa Sterwahlgren@haida.van.wti.com                   James WahlgreWaldref@tv.tv.tek.com                        Greg Waldrewaterfal@pyrsea.sea.pyramid.com              Douglas Waterfalweineja1@teomail.jhuapl.edwgrant@informix.com                          William GranWINGB@Underdale.UniSA.edu.au                 Brian WinYEAGER@mscf.med.upenn.edyozzo@watson.ibm.com                         Ralph E. Yozzysharma@yamuna.b11.ingr.com                  Yamuna SharmZ919016@beach.utmb.edu                       Molly Hamiltozulu@iesd.auc.dk                             Bjoern U. GregerseThe charter for misc.health.diabetes appears below-------------------------Charter: misc.health.diabetes                            unmoderate1.   The purpose of misc.health.diabetes is to provide a forum for thdiscussion of issues pertaining to diabetes management, i.e.: dietactivities, medicine schedules, blood glucose control, exercisemedical breakthroughs, etc.  This group addresses the issues omanagement of both Type I (insulin dependent) and Type II (non-insulidependent) diabetes.  Both technical discussions and general suppordiscussions relevant to diabetes are welcome2.   Postings to misc.heath.diabetes are intended to be for discussiopurposes only, and are in no way to be construed as medical adviceDiabetes is a serious medical condition requiring direct supervisioby a primary health care physician. -----(end of charter)------Steve Kirchoefer                                             (202) 767-286Code 6851                                      kirchoefer@estd.nrl.navy.miNaval Research Laboratory                       Microwave Technology BrancWashington, DC  20375-5000              Electronics Sci. and Tech. Divisio